Account,Account_Type,Normal_Balance
Cash,Asset,Debit
Petty Cash,Asset,Debit
Accounts Receivable,Asset,Debit
Allowance for Doubtful Accounts,Contra-Asset,Credit
Notes Receivable,Asset,Debit
Interest Receivable,Asset,Debit
Inventory,Asset,Debit
Supplies,Asset,Debit
Prepaid Insurance,Asset,Debit
Prepaid Rent,Asset,Debit
VAT Receivable,Asset,Debit
Short-term Investments (FVTPL),Asset,Debit
Land,Asset,Debit
Building,Asset,Debit
Accumulated Depreciation - Building,Contra-Asset,Credit
Equipment,Asset,Debit
Accumulated Depreciation - Equipment,Contra-Asset,Credit
Vehicles,Asset,Debit
Accumulated Depreciation - Vehicles,Contra-Asset,Credit
Intangible Asset - Software,Asset,Debit
Accumulated Amortization - Software,Contra-Asset,Credit
Right-of-Use Asset,Asset,Debit
Accumulated Depreciation - ROU Asset,Contra-Asset,Credit
Deferred Tax Asset,Asset,Debit
Accounts Payable,Liability,Credit
Dividends Payable,Liability,Credit
Notes Payable - Short-term,Liability,Credit
Notes Payable - Long-term,Liability,Credit
Interest Payable,Liability,Credit
Wages Payable,Liability,Credit
Payroll Taxes Payable,Liability,Credit
VAT Payable,Liability,Credit
Unearned Revenue,Liability,Credit
Income Taxes Payable,Liability,Credit
Provision for Warranty,Liability,Credit
Provision for Litigation,Liability,Credit
Bonds Payable,Liability,Credit
Discount on Bonds Payable,Contra-Liability,Debit
Lease Liability - Current,Liability,Credit
Lease Liability - Non-current,Liability,Credit
Deferred Tax Liability,Liability,Credit
Share Capital (Ordinary),Equity,Credit
Share Premium,Equity,Credit
Revaluation Surplus (OCI),Equity,Credit
Treasury Shares,Contra-Equity,Debit
Retained Earnings,Equity,Credit
Dividends Declared,Contra-Equity,Debit
Sales Revenue,Revenue,Credit
Service Revenue,Revenue,Credit
Interest Revenue,Revenue,Credit
Other Income,Revenue,Credit
Gain on Sale of PPE,Revenue,Credit
Gain on Investments,Revenue,Credit
Unrealized Gain on Investments (FVTPL),Revenue,Credit
Cost of Goods Sold,Expense,Debit
Salaries and Wages Expense,Expense,Debit
Rent Expense,Expense,Debit
Utilities Expense,Expense,Debit
Advertising Expense,Expense,Debit
Insurance Expense,Expense,Debit
Supplies Expense,Expense,Debit
Depreciation Expense,Expense,Debit
Amortization Expense,Expense,Debit
Interest Expense,Expense,Debit
Bad Debt Expense,Expense,Debit
Warranty Expense,Expense,Debit
Repairs and Maintenance Expense,Expense,Debit
Delivery Expense,Expense,Debit
Professional Fees Expense,Expense,Debit
Research and Development Expense,Expense,Debit
Income Tax Expense,Expense,Debit
Impairment Loss,Expense,Debit
Loss on Sale of PPE,Expense,Debit
Loss on Investments,Expense,Debit
Unrealized Loss on Investments (FVTPL),Expense,Debit
