JE_ID,Date,Description,DocRef,Type,Category
JE0001,2023-01-02,Founders invest cash into the corporation,CAP-001,Normal,Financing
JE0002,2023-01-03,Bank loan received (5-year note),LOAN-001,Normal,Financing
JE0003,2023-01-04,Recognize right-of-use asset and lease liability at commencement (office lease),LEASE-001,Normal,Noncash
JE0004,2023-01-05,Purchase equipment for operations (cash),PPE-001,Normal,Investing
JE0005,2023-01-06,Purchase initial inventory on credit (VAT recoverable),PO-001,Normal,Operating
JE0006,2023-01-07,Pay annual insurance premium in advance,INS-2023,Normal,Operating
JE0007,2023-01-08,Establish petty cash fund,PC-001,Normal,Operating
JE0008,2023-01-10,Purchase office supplies for cash,SUP-001,Normal,Operating
JE0009,2023-06-15,Purchase accounting software license (intangible) for cash,INT-001,Normal,Investing
JE0010,2023-09-10,Lend cash to customer; receive 6-month note receivable,NR-001,Normal,Investing
JE0011,2023-10-05,Buy short-term investments (FVTPL) for cash,INV-001,Normal,Investing
JE0012,2023-01-25,Record monthly revenue (cash + credit sales/services) with VAT - Jan 2023,SAL-202301,Normal,Operating
JE0013,2023-01-25,Record cost of goods sold - Jan 2023,COGS-202301,Normal,Operating
JE0014,2023-01-20,Purchase inventory on credit (VAT recoverable) - Jan 2023,PO-202301,Normal,Operating
JE0015,2023-01-15,Collect cash from customers on account - Jan 2023,COL-202301,Normal,Operating
JE0016,2023-01-22,Pay suppliers on account - Jan 2023,PAYAP-202301,Normal,Operating
JE0017,2023-01-28,Record and pay payroll (with withholdings) - Jan 2023,PAY-202301,Normal,Operating
JE0018,2023-01-27,Pay operating expenses (rent/utilities/ads/etc.) - Jan 2023,OPX-202301,Normal,Operating
JE0019,2023-01-28,Record depreciation/amortization and lease payment - Jan 2023,ADJ-202301,Adjusting,Operating
JE0020,2023-01-28,Pay monthly interest on bank loan - Jan 2023,INTLOAN-202301,Normal,Financing
JE0021,2023-01-28,Recognize monthly insurance expense - Jan 2023,INSADJ-202301,Adjusting,Operating
JE0022,2023-02-25,Record monthly revenue (cash + credit sales/services) with VAT - Feb 2023,SAL-202302,Normal,Operating
JE0023,2023-02-25,Record cost of goods sold - Feb 2023,COGS-202302,Normal,Operating
JE0024,2023-02-20,Purchase inventory on credit (VAT recoverable) - Feb 2023,PO-202302,Normal,Operating
JE0025,2023-02-15,Collect cash from customers on account - Feb 2023,COL-202302,Normal,Operating
JE0026,2023-02-22,Pay suppliers on account - Feb 2023,PAYAP-202302,Normal,Operating
JE0027,2023-02-28,Record and pay payroll (with withholdings) - Feb 2023,PAY-202302,Normal,Operating
JE0028,2023-02-28,Remit payroll taxes to government - Feb 2023,PAYTAX-202302,Normal,Operating
JE0029,2023-02-27,Pay operating expenses (rent/utilities/ads/etc.) - Feb 2023,OPX-202302,Normal,Operating
JE0030,2023-02-28,Record depreciation/amortization and lease payment - Feb 2023,ADJ-202302,Adjusting,Operating
JE0031,2023-02-28,Pay monthly interest on bank loan - Feb 2023,INTLOAN-202302,Normal,Financing
JE0032,2023-02-28,Recognize monthly insurance expense - Feb 2023,INSADJ-202302,Adjusting,Operating
JE0033,2023-03-25,Record monthly revenue (cash + credit sales/services) with VAT - Mar 2023,SAL-202303,Normal,Operating
JE0034,2023-03-25,Record cost of goods sold - Mar 2023,COGS-202303,Normal,Operating
JE0035,2023-03-20,Purchase inventory on credit (VAT recoverable) - Mar 2023,PO-202303,Normal,Operating
JE0036,2023-03-15,Collect cash from customers on account - Mar 2023,COL-202303,Normal,Operating
JE0037,2023-03-22,Pay suppliers on account - Mar 2023,PAYAP-202303,Normal,Operating
JE0038,2023-03-28,Record and pay payroll (with withholdings) - Mar 2023,PAY-202303,Normal,Operating
JE0039,2023-03-27,Pay operating expenses (rent/utilities/ads/etc.) - Mar 2023,OPX-202303,Normal,Operating
JE0040,2023-03-28,Record depreciation/amortization and lease payment - Mar 2023,ADJ-202303,Adjusting,Operating
JE0041,2023-03-28,Pay monthly interest on bank loan - Mar 2023,INTLOAN-202303,Normal,Financing
JE0042,2023-03-28,Recognize monthly insurance expense - Mar 2023,INSADJ-202303,Adjusting,Operating
JE0043,2023-03-29,Settle VAT payable for quarter - Q1 2023,VAT-2023Q1,Normal,Operating
JE0044,2023-03-30,Pay estimated income taxes - Q1 2023,TAXEST-2023Q1,Normal,Operating
JE0045,2023-03-28,Record supplies used (adjustment) - Q1 2023,SUPADJ-2023Q1,Adjusting,Operating
JE0046,2023-04-25,Record monthly revenue (cash + credit sales/services) with VAT - Apr 2023,SAL-202304,Normal,Operating
JE0047,2023-04-25,Record cost of goods sold - Apr 2023,COGS-202304,Normal,Operating
JE0048,2023-04-20,Purchase inventory on credit (VAT recoverable) - Apr 2023,PO-202304,Normal,Operating
JE0049,2023-04-15,Collect cash from customers on account - Apr 2023,COL-202304,Normal,Operating
JE0050,2023-04-22,Pay suppliers on account - Apr 2023,PAYAP-202304,Normal,Operating
JE0051,2023-04-28,Record and pay payroll (with withholdings) - Apr 2023,PAY-202304,Normal,Operating
JE0052,2023-04-30,Remit payroll taxes to government - Apr 2023,PAYTAX-202304,Normal,Operating
JE0053,2023-04-27,Pay operating expenses (rent/utilities/ads/etc.) - Apr 2023,OPX-202304,Normal,Operating
JE0054,2023-04-28,Record depreciation/amortization and lease payment - Apr 2023,ADJ-202304,Adjusting,Operating
JE0055,2023-04-28,Pay monthly interest on bank loan - Apr 2023,INTLOAN-202304,Normal,Financing
JE0056,2023-04-28,Recognize monthly insurance expense - Apr 2023,INSADJ-202304,Adjusting,Operating
JE0057,2023-04-12,Receive customer deposit in advance (unearned revenue) - Apr 2023,DEP-202304,Normal,Operating
JE0058,2023-04-26,Recognize revenue earned from customer deposits - Apr 2023,DEPREV-202304,Normal,Operating
JE0059,2023-05-25,Record monthly revenue (cash + credit sales/services) with VAT - May 2023,SAL-202305,Normal,Operating
JE0060,2023-05-25,Record cost of goods sold - May 2023,COGS-202305,Normal,Operating
JE0061,2023-05-20,Purchase inventory on credit (VAT recoverable) - May 2023,PO-202305,Normal,Operating
JE0062,2023-05-15,Collect cash from customers on account - May 2023,COL-202305,Normal,Operating
JE0063,2023-05-22,Pay suppliers on account - May 2023,PAYAP-202305,Normal,Operating
JE0064,2023-05-28,Record and pay payroll (with withholdings) - May 2023,PAY-202305,Normal,Operating
JE0065,2023-05-27,Pay operating expenses (rent/utilities/ads/etc.) - May 2023,OPX-202305,Normal,Operating
JE0066,2023-05-28,Record depreciation/amortization and lease payment - May 2023,ADJ-202305,Adjusting,Operating
JE0067,2023-05-28,Pay monthly interest on bank loan - May 2023,INTLOAN-202305,Normal,Financing
JE0068,2023-05-28,Recognize monthly insurance expense - May 2023,INSADJ-202305,Adjusting,Operating
JE0069,2023-06-25,Record monthly revenue (cash + credit sales/services) with VAT - Jun 2023,SAL-202306,Normal,Operating
JE0070,2023-06-25,Record cost of goods sold - Jun 2023,COGS-202306,Normal,Operating
JE0071,2023-06-20,Purchase inventory on credit (VAT recoverable) - Jun 2023,PO-202306,Normal,Operating
JE0072,2023-06-15,Collect cash from customers on account - Jun 2023,COL-202306,Normal,Operating
JE0073,2023-06-22,Pay suppliers on account - Jun 2023,PAYAP-202306,Normal,Operating
JE0074,2023-06-28,Record and pay payroll (with withholdings) - Jun 2023,PAY-202306,Normal,Operating
JE0075,2023-06-30,Remit payroll taxes to government - Jun 2023,PAYTAX-202306,Normal,Operating
JE0076,2023-06-27,Pay operating expenses (rent/utilities/ads/etc.) - Jun 2023,OPX-202306,Normal,Operating
JE0077,2023-06-28,Record depreciation/amortization and lease payment - Jun 2023,ADJ-202306,Adjusting,Operating
JE0078,2023-06-28,Pay monthly interest on bank loan - Jun 2023,INTLOAN-202306,Normal,Financing
JE0079,2023-06-28,Recognize monthly insurance expense - Jun 2023,INSADJ-202306,Adjusting,Operating
JE0080,2023-06-29,Settle VAT payable for quarter - Q2 2023,VAT-2023Q2,Normal,Operating
JE0081,2023-06-30,Pay estimated income taxes - Q2 2023,TAXEST-2023Q2,Normal,Operating
JE0082,2023-06-28,Record supplies used (adjustment) - Q2 2023,SUPADJ-2023Q2,Adjusting,Operating
JE0083,2023-07-25,Record monthly revenue (cash + credit sales/services) with VAT - Jul 2023,SAL-202307,Normal,Operating
JE0084,2023-07-25,Record cost of goods sold - Jul 2023,COGS-202307,Normal,Operating
JE0085,2023-07-20,Purchase inventory on credit (VAT recoverable) - Jul 2023,PO-202307,Normal,Operating
JE0086,2023-07-15,Collect cash from customers on account - Jul 2023,COL-202307,Normal,Operating
JE0087,2023-07-22,Pay suppliers on account - Jul 2023,PAYAP-202307,Normal,Operating
JE0088,2023-07-28,Record and pay payroll (with withholdings) - Jul 2023,PAY-202307,Normal,Operating
JE0089,2023-07-27,Pay operating expenses (rent/utilities/ads/etc.) - Jul 2023,OPX-202307,Normal,Operating
JE0090,2023-07-28,Record depreciation/amortization and lease payment - Jul 2023,ADJ-202307,Adjusting,Operating
JE0091,2023-07-28,Pay monthly interest on bank loan - Jul 2023,INTLOAN-202307,Normal,Financing
JE0092,2023-07-28,Recognize monthly insurance expense - Jul 2023,INSADJ-202307,Adjusting,Operating
JE0093,2023-08-25,Record monthly revenue (cash + credit sales/services) with VAT - Aug 2023,SAL-202308,Normal,Operating
JE0094,2023-08-25,Record cost of goods sold - Aug 2023,COGS-202308,Normal,Operating
JE0095,2023-08-20,Purchase inventory on credit (VAT recoverable) - Aug 2023,PO-202308,Normal,Operating
JE0096,2023-08-15,Collect cash from customers on account - Aug 2023,COL-202308,Normal,Operating
JE0097,2023-08-22,Pay suppliers on account - Aug 2023,PAYAP-202308,Normal,Operating
JE0098,2023-08-28,Record and pay payroll (with withholdings) - Aug 2023,PAY-202308,Normal,Operating
JE0099,2023-08-30,Remit payroll taxes to government - Aug 2023,PAYTAX-202308,Normal,Operating
JE0100,2023-08-27,Pay operating expenses (rent/utilities/ads/etc.) - Aug 2023,OPX-202308,Normal,Operating
JE0101,2023-08-28,Record depreciation/amortization and lease payment - Aug 2023,ADJ-202308,Adjusting,Operating
JE0102,2023-08-28,Pay monthly interest on bank loan - Aug 2023,INTLOAN-202308,Normal,Financing
JE0103,2023-08-28,Recognize monthly insurance expense - Aug 2023,INSADJ-202308,Adjusting,Operating
JE0104,2023-08-12,Receive customer deposit in advance (unearned revenue) - Aug 2023,DEP-202308,Normal,Operating
JE0105,2023-08-26,Recognize revenue earned from customer deposits - Aug 2023,DEPREV-202308,Normal,Operating
JE0106,2023-09-25,Record monthly revenue (cash + credit sales/services) with VAT - Sep 2023,SAL-202309,Normal,Operating
JE0107,2023-09-25,Record cost of goods sold - Sep 2023,COGS-202309,Normal,Operating
JE0108,2023-09-20,Purchase inventory on credit (VAT recoverable) - Sep 2023,PO-202309,Normal,Operating
JE0109,2023-09-15,Collect cash from customers on account - Sep 2023,COL-202309,Normal,Operating
JE0110,2023-09-22,Pay suppliers on account - Sep 2023,PAYAP-202309,Normal,Operating
JE0111,2023-09-28,Record and pay payroll (with withholdings) - Sep 2023,PAY-202309,Normal,Operating
JE0112,2023-09-27,Pay operating expenses (rent/utilities/ads/etc.) - Sep 2023,OPX-202309,Normal,Operating
JE0113,2023-09-28,Record depreciation/amortization and lease payment - Sep 2023,ADJ-202309,Adjusting,Operating
JE0114,2023-09-28,Pay monthly interest on bank loan - Sep 2023,INTLOAN-202309,Normal,Financing
JE0115,2023-09-28,Recognize monthly insurance expense - Sep 2023,INSADJ-202309,Adjusting,Operating
JE0116,2023-09-29,Settle VAT payable for quarter - Q3 2023,VAT-2023Q3,Normal,Operating
JE0117,2023-09-30,Pay estimated income taxes - Q3 2023,TAXEST-2023Q3,Normal,Operating
JE0118,2023-09-28,Record supplies used (adjustment) - Q3 2023,SUPADJ-2023Q3,Adjusting,Operating
JE0119,2023-10-25,Record monthly revenue (cash + credit sales/services) with VAT - Oct 2023,SAL-202310,Normal,Operating
JE0120,2023-10-25,Record cost of goods sold - Oct 2023,COGS-202310,Normal,Operating
JE0121,2023-10-20,Purchase inventory on credit (VAT recoverable) - Oct 2023,PO-202310,Normal,Operating
JE0122,2023-10-15,Collect cash from customers on account - Oct 2023,COL-202310,Normal,Operating
JE0123,2023-10-22,Pay suppliers on account - Oct 2023,PAYAP-202310,Normal,Operating
JE0124,2023-10-28,Record and pay payroll (with withholdings) - Oct 2023,PAY-202310,Normal,Operating
JE0125,2023-10-30,Remit payroll taxes to government - Oct 2023,PAYTAX-202310,Normal,Operating
JE0126,2023-10-27,Pay operating expenses (rent/utilities/ads/etc.) - Oct 2023,OPX-202310,Normal,Operating
JE0127,2023-10-28,Record depreciation/amortization and lease payment - Oct 2023,ADJ-202310,Adjusting,Operating
JE0128,2023-10-28,Pay monthly interest on bank loan - Oct 2023,INTLOAN-202310,Normal,Financing
JE0129,2023-10-28,Recognize monthly insurance expense - Oct 2023,INSADJ-202310,Adjusting,Operating
JE0130,2023-10-28,Accrue monthly interest on note receivable - Oct 2023,NRINT-202310,Adjusting,Operating
JE0131,2023-11-25,Record monthly revenue (cash + credit sales/services) with VAT - Nov 2023,SAL-202311,Normal,Operating
JE0132,2023-11-25,Record cost of goods sold - Nov 2023,COGS-202311,Normal,Operating
JE0133,2023-11-20,Purchase inventory on credit (VAT recoverable) - Nov 2023,PO-202311,Normal,Operating
JE0134,2023-11-15,Collect cash from customers on account - Nov 2023,COL-202311,Normal,Operating
JE0135,2023-11-22,Pay suppliers on account - Nov 2023,PAYAP-202311,Normal,Operating
JE0136,2023-11-28,Record and pay payroll (with withholdings) - Nov 2023,PAY-202311,Normal,Operating
JE0137,2023-11-27,Pay operating expenses (rent/utilities/ads/etc.) - Nov 2023,OPX-202311,Normal,Operating
JE0138,2023-11-28,Record depreciation/amortization and lease payment - Nov 2023,ADJ-202311,Adjusting,Operating
JE0139,2023-11-28,Pay monthly interest on bank loan - Nov 2023,INTLOAN-202311,Normal,Financing
JE0140,2023-11-28,Recognize monthly insurance expense - Nov 2023,INSADJ-202311,Adjusting,Operating
JE0141,2023-11-12,Receive customer deposit in advance (unearned revenue) - Nov 2023,DEP-202311,Normal,Operating
JE0142,2023-11-26,Recognize revenue earned from customer deposits - Nov 2023,DEPREV-202311,Normal,Operating
JE0143,2023-11-28,Accrue monthly interest on note receivable - Nov 2023,NRINT-202311,Adjusting,Operating
JE0144,2023-12-25,Record monthly revenue (cash + credit sales/services) with VAT - Dec 2023,SAL-202312,Normal,Operating
JE0145,2023-12-25,Record cost of goods sold - Dec 2023,COGS-202312,Normal,Operating
JE0146,2023-12-20,Purchase inventory on credit (VAT recoverable) - Dec 2023,PO-202312,Normal,Operating
JE0147,2023-12-15,Collect cash from customers on account - Dec 2023,COL-202312,Normal,Operating
JE0148,2023-12-22,Pay suppliers on account - Dec 2023,PAYAP-202312,Normal,Operating
JE0149,2023-12-28,Record and pay payroll (with withholdings) - Dec 2023,PAY-202312,Normal,Operating
JE0150,2023-12-30,Remit payroll taxes to government - Dec 2023,PAYTAX-202312,Normal,Operating
JE0151,2023-12-27,Pay operating expenses (rent/utilities/ads/etc.) - Dec 2023,OPX-202312,Normal,Operating
JE0152,2023-12-28,Record depreciation/amortization and lease payment - Dec 2023,ADJ-202312,Adjusting,Operating
JE0153,2023-12-28,Pay monthly interest on bank loan - Dec 2023,INTLOAN-202312,Normal,Financing
JE0154,2023-12-28,Recognize monthly insurance expense - Dec 2023,INSADJ-202312,Adjusting,Operating
JE0155,2023-12-29,Settle VAT payable for quarter - Q4 2023,VAT-2023Q4,Normal,Operating
JE0156,2023-12-30,Pay estimated income taxes - Q4 2023,TAXEST-2023Q4,Normal,Operating
JE0157,2023-12-28,Record supplies used (adjustment) - Q4 2023,SUPADJ-2023Q4,Adjusting,Operating
JE0158,2023-12-28,Accrue monthly interest on note receivable - Dec 2023,NRINT-202312,Adjusting,Operating
JE0159,2023-12-31,Adjust allowance for doubtful accounts (2% of ending A/R) - 2023,ADA-2023,Adjusting,Operating
JE0160,2023-12-31,Record warranty provision estimate - 2023,WARR-2023,Adjusting,Operating
JE0161,2023-12-31,Pay warranty claims in cash - 2023,WARRPAY-2023,Normal,Operating
JE0162,2023-12-31,Record annual income tax expense true-up - 2023,TAXACC-2023,Adjusting,Operating
JE0163,2023-12-31,Mark short-term investments to fair value (loss) - 2023,MTM-2023,Adjusting,Operating
JE0164,2024-01-25,Record monthly revenue (cash + credit sales/services) with VAT - Jan 2024,SAL-202401,Normal,Operating
JE0165,2024-01-25,Record cost of goods sold - Jan 2024,COGS-202401,Normal,Operating
JE0166,2024-01-20,Purchase inventory on credit (VAT recoverable) - Jan 2024,PO-202401,Normal,Operating
JE0167,2024-01-15,Collect cash from customers on account - Jan 2024,COL-202401,Normal,Operating
JE0168,2024-01-22,Pay suppliers on account - Jan 2024,PAYAP-202401,Normal,Operating
JE0169,2024-01-28,Record and pay payroll (with withholdings) - Jan 2024,PAY-202401,Normal,Operating
JE0170,2024-01-27,Pay operating expenses (rent/utilities/ads/etc.) - Jan 2024,OPX-202401,Normal,Operating
JE0171,2024-01-28,Record depreciation/amortization and lease payment - Jan 2024,ADJ-202401,Adjusting,Operating
JE0172,2024-01-28,Pay monthly interest on bank loan - Jan 2024,INTLOAN-202401,Normal,Financing
JE0173,2024-01-07,Pay annual insurance premium in advance - 2024,INS-2024,Normal,Operating
JE0174,2024-01-28,Recognize monthly insurance expense - Jan 2024,INSADJ-202401,Adjusting,Operating
JE0175,2024-01-28,Accrue monthly interest on note receivable - Jan 2024,NRINT-202401,Adjusting,Operating
JE0176,2024-02-25,Record monthly revenue (cash + credit sales/services) with VAT - Feb 2024,SAL-202402,Normal,Operating
JE0177,2024-02-25,Record cost of goods sold - Feb 2024,COGS-202402,Normal,Operating
JE0178,2024-02-20,Purchase inventory on credit (VAT recoverable) - Feb 2024,PO-202402,Normal,Operating
JE0179,2024-02-15,Collect cash from customers on account - Feb 2024,COL-202402,Normal,Operating
JE0180,2024-02-22,Pay suppliers on account - Feb 2024,PAYAP-202402,Normal,Operating
JE0181,2024-02-28,Record and pay payroll (with withholdings) - Feb 2024,PAY-202402,Normal,Operating
JE0182,2024-02-29,Remit payroll taxes to government - Feb 2024,PAYTAX-202402,Normal,Operating
JE0183,2024-02-27,Pay operating expenses (rent/utilities/ads/etc.) - Feb 2024,OPX-202402,Normal,Operating
JE0184,2024-02-28,Record depreciation/amortization and lease payment - Feb 2024,ADJ-202402,Adjusting,Operating
JE0185,2024-02-28,Pay monthly interest on bank loan - Feb 2024,INTLOAN-202402,Normal,Financing
JE0186,2024-02-28,Recognize monthly insurance expense - Feb 2024,INSADJ-202402,Adjusting,Operating
JE0187,2024-02-28,Accrue monthly interest on note receivable - Feb 2024,NRINT-202402,Adjusting,Operating
JE0188,2024-03-25,Record monthly revenue (cash + credit sales/services) with VAT - Mar 2024,SAL-202403,Normal,Operating
JE0189,2024-03-25,Record cost of goods sold - Mar 2024,COGS-202403,Normal,Operating
JE0190,2024-03-20,Purchase inventory on credit (VAT recoverable) - Mar 2024,PO-202403,Normal,Operating
JE0191,2024-03-15,Collect cash from customers on account - Mar 2024,COL-202403,Normal,Operating
JE0192,2024-03-22,Pay suppliers on account - Mar 2024,PAYAP-202403,Normal,Operating
JE0193,2024-03-28,Record and pay payroll (with withholdings) - Mar 2024,PAY-202403,Normal,Operating
JE0194,2024-03-27,Pay operating expenses (rent/utilities/ads/etc.) - Mar 2024,OPX-202403,Normal,Operating
JE0195,2024-03-28,Record depreciation/amortization and lease payment - Mar 2024,ADJ-202403,Adjusting,Operating
JE0196,2024-03-28,Pay monthly interest on bank loan - Mar 2024,INTLOAN-202403,Normal,Financing
JE0197,2024-03-28,Recognize monthly insurance expense - Mar 2024,INSADJ-202403,Adjusting,Operating
JE0198,2024-03-29,Settle VAT payable for quarter - Q1 2024,VAT-2024Q1,Normal,Operating
JE0199,2024-03-30,Pay estimated income taxes - Q1 2024,TAXEST-2024Q1,Normal,Operating
JE0200,2024-03-28,Record supplies used (adjustment) - Q1 2024,SUPADJ-2024Q1,Adjusting,Operating
JE0201,2024-03-28,Accrue monthly interest on note receivable - Mar 2024,NRINT-202403,Adjusting,Operating
JE0202,2024-03-10,Collect note receivable principal and interest in cash,NR-COLLECT,Normal,Investing
JE0203,2024-04-25,Record monthly revenue (cash + credit sales/services) with VAT - Apr 2024,SAL-202404,Normal,Operating
JE0204,2024-04-25,Record cost of goods sold - Apr 2024,COGS-202404,Normal,Operating
JE0205,2024-04-20,Purchase inventory on credit (VAT recoverable) - Apr 2024,PO-202404,Normal,Operating
JE0206,2024-04-15,Collect cash from customers on account - Apr 2024,COL-202404,Normal,Operating
JE0207,2024-04-22,Pay suppliers on account - Apr 2024,PAYAP-202404,Normal,Operating
JE0208,2024-04-28,Record and pay payroll (with withholdings) - Apr 2024,PAY-202404,Normal,Operating
JE0209,2024-04-30,Remit payroll taxes to government - Apr 2024,PAYTAX-202404,Normal,Operating
JE0210,2024-04-27,Pay operating expenses (rent/utilities/ads/etc.) - Apr 2024,OPX-202404,Normal,Operating
JE0211,2024-04-28,Record depreciation/amortization and lease payment - Apr 2024,ADJ-202404,Adjusting,Operating
JE0212,2024-04-28,Pay monthly interest on bank loan - Apr 2024,INTLOAN-202404,Normal,Financing
JE0213,2024-04-28,Recognize monthly insurance expense - Apr 2024,INSADJ-202404,Adjusting,Operating
JE0214,2024-04-12,Receive customer deposit in advance (unearned revenue) - Apr 2024,DEP-202404,Normal,Operating
JE0215,2024-04-26,Recognize revenue earned from customer deposits - Apr 2024,DEPREV-202404,Normal,Operating
JE0216,2024-05-25,Record monthly revenue (cash + credit sales/services) with VAT - May 2024,SAL-202405,Normal,Operating
JE0217,2024-05-25,Record cost of goods sold - May 2024,COGS-202405,Normal,Operating
JE0218,2024-05-20,Purchase inventory on credit (VAT recoverable) - May 2024,PO-202405,Normal,Operating
JE0219,2024-05-15,Collect cash from customers on account - May 2024,COL-202405,Normal,Operating
JE0220,2024-05-22,Pay suppliers on account - May 2024,PAYAP-202405,Normal,Operating
JE0221,2024-05-28,Record and pay payroll (with withholdings) - May 2024,PAY-202405,Normal,Operating
JE0222,2024-05-27,Pay operating expenses (rent/utilities/ads/etc.) - May 2024,OPX-202405,Normal,Operating
JE0223,2024-05-28,Record depreciation/amortization and lease payment - May 2024,ADJ-202405,Adjusting,Operating
JE0224,2024-05-28,Pay monthly interest on bank loan - May 2024,INTLOAN-202405,Normal,Financing
JE0225,2024-05-28,Recognize monthly insurance expense - May 2024,INSADJ-202405,Adjusting,Operating
JE0226,2024-06-25,Record monthly revenue (cash + credit sales/services) with VAT - Jun 2024,SAL-202406,Normal,Operating
JE0227,2024-06-25,Record cost of goods sold - Jun 2024,COGS-202406,Normal,Operating
JE0228,2024-06-20,Purchase inventory on credit (VAT recoverable) - Jun 2024,PO-202406,Normal,Operating
JE0229,2024-06-15,Collect cash from customers on account - Jun 2024,COL-202406,Normal,Operating
JE0230,2024-06-22,Pay suppliers on account - Jun 2024,PAYAP-202406,Normal,Operating
JE0231,2024-06-28,Record and pay payroll (with withholdings) - Jun 2024,PAY-202406,Normal,Operating
JE0232,2024-06-30,Remit payroll taxes to government - Jun 2024,PAYTAX-202406,Normal,Operating
JE0233,2024-06-27,Pay operating expenses (rent/utilities/ads/etc.) - Jun 2024,OPX-202406,Normal,Operating
JE0234,2024-06-28,Record depreciation/amortization and lease payment - Jun 2024,ADJ-202406,Adjusting,Operating
JE0235,2024-06-28,Pay monthly interest on bank loan - Jun 2024,INTLOAN-202406,Normal,Financing
JE0236,2024-06-28,Recognize monthly insurance expense - Jun 2024,INSADJ-202406,Adjusting,Operating
JE0237,2024-06-29,Settle VAT payable for quarter - Q2 2024,VAT-2024Q2,Normal,Operating
JE0238,2024-06-30,Pay estimated income taxes - Q2 2024,TAXEST-2024Q2,Normal,Operating
JE0239,2024-06-28,Record supplies used (adjustment) - Q2 2024,SUPADJ-2024Q2,Adjusting,Operating
JE0240,2024-07-25,Record monthly revenue (cash + credit sales/services) with VAT - Jul 2024,SAL-202407,Normal,Operating
JE0241,2024-07-25,Record cost of goods sold - Jul 2024,COGS-202407,Normal,Operating
JE0242,2024-07-20,Purchase inventory on credit (VAT recoverable) - Jul 2024,PO-202407,Normal,Operating
JE0243,2024-07-15,Collect cash from customers on account - Jul 2024,COL-202407,Normal,Operating
JE0244,2024-07-22,Pay suppliers on account - Jul 2024,PAYAP-202407,Normal,Operating
JE0245,2024-07-28,Record and pay payroll (with withholdings) - Jul 2024,PAY-202407,Normal,Operating
JE0246,2024-07-27,Pay operating expenses (rent/utilities/ads/etc.) - Jul 2024,OPX-202407,Normal,Operating
JE0247,2024-07-28,Record depreciation/amortization and lease payment - Jul 2024,ADJ-202407,Adjusting,Operating
JE0248,2024-07-28,Pay monthly interest on bank loan - Jul 2024,INTLOAN-202407,Normal,Financing
JE0249,2024-07-28,Recognize monthly insurance expense - Jul 2024,INSADJ-202407,Adjusting,Operating
JE0250,2024-08-25,Record monthly revenue (cash + credit sales/services) with VAT - Aug 2024,SAL-202408,Normal,Operating
JE0251,2024-08-25,Record cost of goods sold - Aug 2024,COGS-202408,Normal,Operating
JE0252,2024-08-20,Purchase inventory on credit (VAT recoverable) - Aug 2024,PO-202408,Normal,Operating
JE0253,2024-08-15,Collect cash from customers on account - Aug 2024,COL-202408,Normal,Operating
JE0254,2024-08-22,Pay suppliers on account - Aug 2024,PAYAP-202408,Normal,Operating
JE0255,2024-08-28,Record and pay payroll (with withholdings) - Aug 2024,PAY-202408,Normal,Operating
JE0256,2024-08-30,Remit payroll taxes to government - Aug 2024,PAYTAX-202408,Normal,Operating
JE0257,2024-08-27,Pay operating expenses (rent/utilities/ads/etc.) - Aug 2024,OPX-202408,Normal,Operating
JE0258,2024-08-28,Record depreciation/amortization and lease payment - Aug 2024,ADJ-202408,Adjusting,Operating
JE0259,2024-08-28,Pay monthly interest on bank loan - Aug 2024,INTLOAN-202408,Normal,Financing
JE0260,2024-08-28,Recognize monthly insurance expense - Aug 2024,INSADJ-202408,Adjusting,Operating
JE0261,2024-08-12,Receive customer deposit in advance (unearned revenue) - Aug 2024,DEP-202408,Normal,Operating
JE0262,2024-08-26,Recognize revenue earned from customer deposits - Aug 2024,DEPREV-202408,Normal,Operating
JE0263,2024-09-25,Record monthly revenue (cash + credit sales/services) with VAT - Sep 2024,SAL-202409,Normal,Operating
JE0264,2024-09-25,Record cost of goods sold - Sep 2024,COGS-202409,Normal,Operating
JE0265,2024-09-20,Purchase inventory on credit (VAT recoverable) - Sep 2024,PO-202409,Normal,Operating
JE0266,2024-09-15,Collect cash from customers on account - Sep 2024,COL-202409,Normal,Operating
JE0267,2024-09-22,Pay suppliers on account - Sep 2024,PAYAP-202409,Normal,Operating
JE0268,2024-09-28,Record and pay payroll (with withholdings) - Sep 2024,PAY-202409,Normal,Operating
JE0269,2024-09-27,Pay operating expenses (rent/utilities/ads/etc.) - Sep 2024,OPX-202409,Normal,Operating
JE0270,2024-09-28,Record depreciation/amortization and lease payment - Sep 2024,ADJ-202409,Adjusting,Operating
JE0271,2024-09-28,Pay monthly interest on bank loan - Sep 2024,INTLOAN-202409,Normal,Financing
JE0272,2024-09-28,Recognize monthly insurance expense - Sep 2024,INSADJ-202409,Adjusting,Operating
JE0273,2024-09-29,Settle VAT payable for quarter - Q3 2024,VAT-2024Q3,Normal,Operating
JE0274,2024-09-30,Pay estimated income taxes - Q3 2024,TAXEST-2024Q3,Normal,Operating
JE0275,2024-09-28,Record supplies used (adjustment) - Q3 2024,SUPADJ-2024Q3,Adjusting,Operating
JE0276,2024-10-25,Record monthly revenue (cash + credit sales/services) with VAT - Oct 2024,SAL-202410,Normal,Operating
JE0277,2024-10-25,Record cost of goods sold - Oct 2024,COGS-202410,Normal,Operating
JE0278,2024-10-20,Purchase inventory on credit (VAT recoverable) - Oct 2024,PO-202410,Normal,Operating
JE0279,2024-10-15,Collect cash from customers on account - Oct 2024,COL-202410,Normal,Operating
JE0280,2024-10-22,Pay suppliers on account - Oct 2024,PAYAP-202410,Normal,Operating
JE0281,2024-10-28,Record and pay payroll (with withholdings) - Oct 2024,PAY-202410,Normal,Operating
JE0282,2024-10-30,Remit payroll taxes to government - Oct 2024,PAYTAX-202410,Normal,Operating
JE0283,2024-10-27,Pay operating expenses (rent/utilities/ads/etc.) - Oct 2024,OPX-202410,Normal,Operating
JE0284,2024-10-28,Record depreciation/amortization and lease payment - Oct 2024,ADJ-202410,Adjusting,Operating
JE0285,2024-10-28,Pay monthly interest on bank loan - Oct 2024,INTLOAN-202410,Normal,Financing
JE0286,2024-10-28,Recognize monthly insurance expense - Oct 2024,INSADJ-202410,Adjusting,Operating
JE0287,2024-11-25,Record monthly revenue (cash + credit sales/services) with VAT - Nov 2024,SAL-202411,Normal,Operating
JE0288,2024-11-25,Record cost of goods sold - Nov 2024,COGS-202411,Normal,Operating
JE0289,2024-11-20,Purchase inventory on credit (VAT recoverable) - Nov 2024,PO-202411,Normal,Operating
JE0290,2024-11-15,Collect cash from customers on account - Nov 2024,COL-202411,Normal,Operating
JE0291,2024-11-22,Pay suppliers on account - Nov 2024,PAYAP-202411,Normal,Operating
JE0292,2024-11-28,Record and pay payroll (with withholdings) - Nov 2024,PAY-202411,Normal,Operating
JE0293,2024-11-27,Pay operating expenses (rent/utilities/ads/etc.) - Nov 2024,OPX-202411,Normal,Operating
JE0294,2024-11-28,Record depreciation/amortization and lease payment - Nov 2024,ADJ-202411,Adjusting,Operating
JE0295,2024-11-28,Pay monthly interest on bank loan - Nov 2024,INTLOAN-202411,Normal,Financing
JE0296,2024-11-28,Recognize monthly insurance expense - Nov 2024,INSADJ-202411,Adjusting,Operating
JE0297,2024-11-12,Receive customer deposit in advance (unearned revenue) - Nov 2024,DEP-202411,Normal,Operating
JE0298,2024-11-26,Recognize revenue earned from customer deposits - Nov 2024,DEPREV-202411,Normal,Operating
JE0299,2024-12-25,Record monthly revenue (cash + credit sales/services) with VAT - Dec 2024,SAL-202412,Normal,Operating
JE0300,2024-12-25,Record cost of goods sold - Dec 2024,COGS-202412,Normal,Operating
JE0301,2024-12-20,Purchase inventory on credit (VAT recoverable) - Dec 2024,PO-202412,Normal,Operating
JE0302,2024-12-15,Collect cash from customers on account - Dec 2024,COL-202412,Normal,Operating
JE0303,2024-12-22,Pay suppliers on account - Dec 2024,PAYAP-202412,Normal,Operating
JE0304,2024-12-28,Record and pay payroll (with withholdings) - Dec 2024,PAY-202412,Normal,Operating
JE0305,2024-12-30,Remit payroll taxes to government - Dec 2024,PAYTAX-202412,Normal,Operating
JE0306,2024-12-27,Pay operating expenses (rent/utilities/ads/etc.) - Dec 2024,OPX-202412,Normal,Operating
JE0307,2024-12-28,Record depreciation/amortization and lease payment - Dec 2024,ADJ-202412,Adjusting,Operating
JE0308,2024-12-28,Pay monthly interest on bank loan - Dec 2024,INTLOAN-202412,Normal,Financing
JE0309,2024-12-28,Recognize monthly insurance expense - Dec 2024,INSADJ-202412,Adjusting,Operating
JE0310,2024-12-29,Settle VAT payable for quarter - Q4 2024,VAT-2024Q4,Normal,Operating
JE0311,2024-12-30,Pay estimated income taxes - Q4 2024,TAXEST-2024Q4,Normal,Operating
JE0312,2024-12-28,Record supplies used (adjustment) - Q4 2024,SUPADJ-2024Q4,Adjusting,Operating
JE0313,2024-12-31,Adjust allowance for doubtful accounts (2% of ending A/R) - 2024,ADA-2024,Adjusting,Operating
JE0314,2024-12-31,Record warranty provision estimate - 2024,WARR-2024,Adjusting,Operating
JE0315,2024-12-31,Pay warranty claims in cash - 2024,WARRPAY-2024,Normal,Operating
JE0316,2024-12-31,Record annual income tax expense true-up - 2024,TAXACC-2024,Adjusting,Operating
JE0317,2024-12-31,Declare cash dividends - 2024,DIVDECL-2024,Normal,Financing
JE0318,2024-12-31,Pay cash dividends - 2024,DIVPAY-2024,Normal,Financing
JE0319,2024-12-31,Mark short-term investments to fair value (gain) - 2024,MTM-2024,Adjusting,Operating
JE0320,2024-07-01,"Purchase building (part cash, part long-term note)",BLD-001,Normal,Investing
JE0321,2024-09-01,Issue bonds at a discount for cash,BOND-001,Normal,Financing
JE0322,2024-12-31,Accrue bond interest and amortize discount (straight-line),BONDINT-2024,Adjusting,Financing
JE0323,2024-12-31,Recognize impairment loss on equipment,IMP-2024,Adjusting,Operating
JE0324,2025-01-25,Record monthly revenue (cash + credit sales/services) with VAT - Jan 2025,SAL-202501,Normal,Operating
JE0325,2025-01-25,Record cost of goods sold - Jan 2025,COGS-202501,Normal,Operating
JE0326,2025-01-20,Purchase inventory on credit (VAT recoverable) - Jan 2025,PO-202501,Normal,Operating
JE0327,2025-01-15,Collect cash from customers on account - Jan 2025,COL-202501,Normal,Operating
JE0328,2025-01-22,Pay suppliers on account - Jan 2025,PAYAP-202501,Normal,Operating
JE0329,2025-01-28,Record and pay payroll (with withholdings) - Jan 2025,PAY-202501,Normal,Operating
JE0330,2025-01-27,Pay operating expenses (rent/utilities/ads/etc.) - Jan 2025,OPX-202501,Normal,Operating
JE0331,2025-01-28,Record depreciation/amortization and lease payment - Jan 2025,ADJ-202501,Adjusting,Operating
JE0332,2025-01-28,Pay monthly interest on bank loan - Jan 2025,INTLOAN-202501,Normal,Financing
JE0333,2025-01-07,Pay annual insurance premium in advance - 2025,INS-2025,Normal,Operating
JE0334,2025-01-28,Recognize monthly insurance expense - Jan 2025,INSADJ-202501,Adjusting,Operating
JE0335,2025-02-25,Record monthly revenue (cash + credit sales/services) with VAT - Feb 2025,SAL-202502,Normal,Operating
JE0336,2025-02-25,Record cost of goods sold - Feb 2025,COGS-202502,Normal,Operating
JE0337,2025-02-20,Purchase inventory on credit (VAT recoverable) - Feb 2025,PO-202502,Normal,Operating
JE0338,2025-02-15,Collect cash from customers on account - Feb 2025,COL-202502,Normal,Operating
JE0339,2025-02-22,Pay suppliers on account - Feb 2025,PAYAP-202502,Normal,Operating
JE0340,2025-02-28,Record and pay payroll (with withholdings) - Feb 2025,PAY-202502,Normal,Operating
JE0341,2025-02-28,Remit payroll taxes to government - Feb 2025,PAYTAX-202502,Normal,Operating
JE0342,2025-02-27,Pay operating expenses (rent/utilities/ads/etc.) - Feb 2025,OPX-202502,Normal,Operating
JE0343,2025-02-28,Record depreciation/amortization and lease payment - Feb 2025,ADJ-202502,Adjusting,Operating
JE0344,2025-02-28,Pay monthly interest on bank loan - Feb 2025,INTLOAN-202502,Normal,Financing
JE0345,2025-02-28,Recognize monthly insurance expense - Feb 2025,INSADJ-202502,Adjusting,Operating
JE0346,2025-03-25,Record monthly revenue (cash + credit sales/services) with VAT - Mar 2025,SAL-202503,Normal,Operating
JE0347,2025-03-25,Record cost of goods sold - Mar 2025,COGS-202503,Normal,Operating
JE0348,2025-03-20,Purchase inventory on credit (VAT recoverable) - Mar 2025,PO-202503,Normal,Operating
JE0349,2025-03-15,Collect cash from customers on account - Mar 2025,COL-202503,Normal,Operating
JE0350,2025-03-22,Pay suppliers on account - Mar 2025,PAYAP-202503,Normal,Operating
JE0351,2025-03-28,Record and pay payroll (with withholdings) - Mar 2025,PAY-202503,Normal,Operating
JE0352,2025-03-27,Pay operating expenses (rent/utilities/ads/etc.) - Mar 2025,OPX-202503,Normal,Operating
JE0353,2025-03-28,Record depreciation/amortization and lease payment - Mar 2025,ADJ-202503,Adjusting,Operating
JE0354,2025-03-28,Pay monthly interest on bank loan - Mar 2025,INTLOAN-202503,Normal,Financing
JE0355,2025-03-28,Recognize monthly insurance expense - Mar 2025,INSADJ-202503,Adjusting,Operating
JE0356,2025-03-29,Settle VAT payable for quarter - Q1 2025,VAT-2025Q1,Normal,Operating
JE0357,2025-03-30,Pay estimated income taxes - Q1 2025,TAXEST-2025Q1,Normal,Operating
JE0358,2025-03-28,Record supplies used (adjustment) - Q1 2025,SUPADJ-2025Q1,Adjusting,Operating
JE0359,2025-04-25,Record monthly revenue (cash + credit sales/services) with VAT - Apr 2025,SAL-202504,Normal,Operating
JE0360,2025-04-25,Record cost of goods sold - Apr 2025,COGS-202504,Normal,Operating
JE0361,2025-04-20,Purchase inventory on credit (VAT recoverable) - Apr 2025,PO-202504,Normal,Operating
JE0362,2025-04-15,Collect cash from customers on account - Apr 2025,COL-202504,Normal,Operating
JE0363,2025-04-22,Pay suppliers on account - Apr 2025,PAYAP-202504,Normal,Operating
JE0364,2025-04-28,Record and pay payroll (with withholdings) - Apr 2025,PAY-202504,Normal,Operating
JE0365,2025-04-30,Remit payroll taxes to government - Apr 2025,PAYTAX-202504,Normal,Operating
JE0366,2025-04-27,Pay operating expenses (rent/utilities/ads/etc.) - Apr 2025,OPX-202504,Normal,Operating
JE0367,2025-04-28,Record depreciation/amortization and lease payment - Apr 2025,ADJ-202504,Adjusting,Operating
JE0368,2025-04-28,Pay monthly interest on bank loan - Apr 2025,INTLOAN-202504,Normal,Financing
JE0369,2025-04-28,Recognize monthly insurance expense - Apr 2025,INSADJ-202504,Adjusting,Operating
JE0370,2025-04-12,Receive customer deposit in advance (unearned revenue) - Apr 2025,DEP-202504,Normal,Operating
JE0371,2025-04-26,Recognize revenue earned from customer deposits - Apr 2025,DEPREV-202504,Normal,Operating
JE0372,2025-05-25,Record monthly revenue (cash + credit sales/services) with VAT - May 2025,SAL-202505,Normal,Operating
JE0373,2025-05-25,Record cost of goods sold - May 2025,COGS-202505,Normal,Operating
JE0374,2025-05-20,Purchase inventory on credit (VAT recoverable) - May 2025,PO-202505,Normal,Operating
JE0375,2025-05-15,Collect cash from customers on account - May 2025,COL-202505,Normal,Operating
JE0376,2025-05-22,Pay suppliers on account - May 2025,PAYAP-202505,Normal,Operating
JE0377,2025-05-28,Record and pay payroll (with withholdings) - May 2025,PAY-202505,Normal,Operating
JE0378,2025-05-27,Pay operating expenses (rent/utilities/ads/etc.) - May 2025,OPX-202505,Normal,Operating
JE0379,2025-05-28,Record depreciation/amortization and lease payment - May 2025,ADJ-202505,Adjusting,Operating
JE0380,2025-05-28,Pay monthly interest on bank loan - May 2025,INTLOAN-202505,Normal,Financing
JE0381,2025-05-28,Recognize monthly insurance expense - May 2025,INSADJ-202505,Adjusting,Operating
JE0382,2025-06-25,Record monthly revenue (cash + credit sales/services) with VAT - Jun 2025,SAL-202506,Normal,Operating
JE0383,2025-06-25,Record cost of goods sold - Jun 2025,COGS-202506,Normal,Operating
JE0384,2025-06-20,Purchase inventory on credit (VAT recoverable) - Jun 2025,PO-202506,Normal,Operating
JE0385,2025-06-15,Collect cash from customers on account - Jun 2025,COL-202506,Normal,Operating
JE0386,2025-06-22,Pay suppliers on account - Jun 2025,PAYAP-202506,Normal,Operating
JE0387,2025-06-28,Record and pay payroll (with withholdings) - Jun 2025,PAY-202506,Normal,Operating
JE0388,2025-06-30,Remit payroll taxes to government - Jun 2025,PAYTAX-202506,Normal,Operating
JE0389,2025-06-27,Pay operating expenses (rent/utilities/ads/etc.) - Jun 2025,OPX-202506,Normal,Operating
JE0390,2025-06-28,Record depreciation/amortization and lease payment - Jun 2025,ADJ-202506,Adjusting,Operating
JE0391,2025-06-28,Pay monthly interest on bank loan - Jun 2025,INTLOAN-202506,Normal,Financing
JE0392,2025-06-28,Recognize monthly insurance expense - Jun 2025,INSADJ-202506,Adjusting,Operating
JE0393,2025-06-29,Settle VAT payable for quarter - Q2 2025,VAT-2025Q2,Normal,Operating
JE0394,2025-06-30,Pay estimated income taxes - Q2 2025,TAXEST-2025Q2,Normal,Operating
JE0395,2025-06-28,Record supplies used (adjustment) - Q2 2025,SUPADJ-2025Q2,Adjusting,Operating
JE0396,2025-07-25,Record monthly revenue (cash + credit sales/services) with VAT - Jul 2025,SAL-202507,Normal,Operating
JE0397,2025-07-25,Record cost of goods sold - Jul 2025,COGS-202507,Normal,Operating
JE0398,2025-07-20,Purchase inventory on credit (VAT recoverable) - Jul 2025,PO-202507,Normal,Operating
JE0399,2025-07-15,Collect cash from customers on account - Jul 2025,COL-202507,Normal,Operating
JE0400,2025-07-22,Pay suppliers on account - Jul 2025,PAYAP-202507,Normal,Operating
JE0401,2025-07-28,Record and pay payroll (with withholdings) - Jul 2025,PAY-202507,Normal,Operating
JE0402,2025-07-27,Pay operating expenses (rent/utilities/ads/etc.) - Jul 2025,OPX-202507,Normal,Operating
JE0403,2025-07-28,Record depreciation/amortization and lease payment - Jul 2025,ADJ-202507,Adjusting,Operating
JE0404,2025-07-28,Pay monthly interest on bank loan - Jul 2025,INTLOAN-202507,Normal,Financing
JE0405,2025-07-28,Recognize monthly insurance expense - Jul 2025,INSADJ-202507,Adjusting,Operating
JE0406,2025-08-25,Record monthly revenue (cash + credit sales/services) with VAT - Aug 2025,SAL-202508,Normal,Operating
JE0407,2025-08-25,Record cost of goods sold - Aug 2025,COGS-202508,Normal,Operating
JE0408,2025-08-20,Purchase inventory on credit (VAT recoverable) - Aug 2025,PO-202508,Normal,Operating
JE0409,2025-08-15,Collect cash from customers on account - Aug 2025,COL-202508,Normal,Operating
JE0410,2025-08-22,Pay suppliers on account - Aug 2025,PAYAP-202508,Normal,Operating
JE0411,2025-08-28,Record and pay payroll (with withholdings) - Aug 2025,PAY-202508,Normal,Operating
JE0412,2025-08-30,Remit payroll taxes to government - Aug 2025,PAYTAX-202508,Normal,Operating
JE0413,2025-08-27,Pay operating expenses (rent/utilities/ads/etc.) - Aug 2025,OPX-202508,Normal,Operating
JE0414,2025-08-28,Record depreciation/amortization and lease payment - Aug 2025,ADJ-202508,Adjusting,Operating
JE0415,2025-08-28,Pay monthly interest on bank loan - Aug 2025,INTLOAN-202508,Normal,Financing
JE0416,2025-08-28,Recognize monthly insurance expense - Aug 2025,INSADJ-202508,Adjusting,Operating
JE0417,2025-08-12,Receive customer deposit in advance (unearned revenue) - Aug 2025,DEP-202508,Normal,Operating
JE0418,2025-08-26,Recognize revenue earned from customer deposits - Aug 2025,DEPREV-202508,Normal,Operating
JE0419,2025-09-25,Record monthly revenue (cash + credit sales/services) with VAT - Sep 2025,SAL-202509,Normal,Operating
JE0420,2025-09-25,Record cost of goods sold - Sep 2025,COGS-202509,Normal,Operating
JE0421,2025-09-20,Purchase inventory on credit (VAT recoverable) - Sep 2025,PO-202509,Normal,Operating
JE0422,2025-09-15,Collect cash from customers on account - Sep 2025,COL-202509,Normal,Operating
JE0423,2025-09-22,Pay suppliers on account - Sep 2025,PAYAP-202509,Normal,Operating
JE0424,2025-09-28,Record and pay payroll (with withholdings) - Sep 2025,PAY-202509,Normal,Operating
JE0425,2025-09-27,Pay operating expenses (rent/utilities/ads/etc.) - Sep 2025,OPX-202509,Normal,Operating
JE0426,2025-09-28,Record depreciation/amortization and lease payment - Sep 2025,ADJ-202509,Adjusting,Operating
JE0427,2025-09-28,Pay monthly interest on bank loan - Sep 2025,INTLOAN-202509,Normal,Financing
JE0428,2025-09-28,Recognize monthly insurance expense - Sep 2025,INSADJ-202509,Adjusting,Operating
JE0429,2025-09-29,Settle VAT payable for quarter - Q3 2025,VAT-2025Q3,Normal,Operating
JE0430,2025-09-30,Pay estimated income taxes - Q3 2025,TAXEST-2025Q3,Normal,Operating
JE0431,2025-09-28,Record supplies used (adjustment) - Q3 2025,SUPADJ-2025Q3,Adjusting,Operating
JE0432,2025-10-25,Record monthly revenue (cash + credit sales/services) with VAT - Oct 2025,SAL-202510,Normal,Operating
JE0433,2025-10-25,Record cost of goods sold - Oct 2025,COGS-202510,Normal,Operating
JE0434,2025-10-20,Purchase inventory on credit (VAT recoverable) - Oct 2025,PO-202510,Normal,Operating
JE0435,2025-10-15,Collect cash from customers on account - Oct 2025,COL-202510,Normal,Operating
JE0436,2025-10-22,Pay suppliers on account - Oct 2025,PAYAP-202510,Normal,Operating
JE0437,2025-10-28,Record and pay payroll (with withholdings) - Oct 2025,PAY-202510,Normal,Operating
JE0438,2025-10-30,Remit payroll taxes to government - Oct 2025,PAYTAX-202510,Normal,Operating
JE0439,2025-10-27,Pay operating expenses (rent/utilities/ads/etc.) - Oct 2025,OPX-202510,Normal,Operating
JE0440,2025-10-28,Record depreciation/amortization and lease payment - Oct 2025,ADJ-202510,Adjusting,Operating
JE0441,2025-10-28,Pay monthly interest on bank loan - Oct 2025,INTLOAN-202510,Normal,Financing
JE0442,2025-10-28,Recognize monthly insurance expense - Oct 2025,INSADJ-202510,Adjusting,Operating
JE0443,2025-11-25,Record monthly revenue (cash + credit sales/services) with VAT - Nov 2025,SAL-202511,Normal,Operating
JE0444,2025-11-25,Record cost of goods sold - Nov 2025,COGS-202511,Normal,Operating
JE0445,2025-11-20,Purchase inventory on credit (VAT recoverable) - Nov 2025,PO-202511,Normal,Operating
JE0446,2025-11-15,Collect cash from customers on account - Nov 2025,COL-202511,Normal,Operating
JE0447,2025-11-22,Pay suppliers on account - Nov 2025,PAYAP-202511,Normal,Operating
JE0448,2025-11-28,Record and pay payroll (with withholdings) - Nov 2025,PAY-202511,Normal,Operating
JE0449,2025-11-27,Pay operating expenses (rent/utilities/ads/etc.) - Nov 2025,OPX-202511,Normal,Operating
JE0450,2025-11-28,Record depreciation/amortization and lease payment - Nov 2025,ADJ-202511,Adjusting,Operating
JE0451,2025-11-28,Pay monthly interest on bank loan - Nov 2025,INTLOAN-202511,Normal,Financing
JE0452,2025-11-28,Recognize monthly insurance expense - Nov 2025,INSADJ-202511,Adjusting,Operating
JE0453,2025-11-12,Receive customer deposit in advance (unearned revenue) - Nov 2025,DEP-202511,Normal,Operating
JE0454,2025-11-26,Recognize revenue earned from customer deposits - Nov 2025,DEPREV-202511,Normal,Operating
JE0455,2025-12-25,Record monthly revenue (cash + credit sales/services) with VAT - Dec 2025,SAL-202512,Normal,Operating
JE0456,2025-12-25,Record cost of goods sold - Dec 2025,COGS-202512,Normal,Operating
JE0457,2025-12-20,Purchase inventory on credit (VAT recoverable) - Dec 2025,PO-202512,Normal,Operating
JE0458,2025-12-15,Collect cash from customers on account - Dec 2025,COL-202512,Normal,Operating
JE0459,2025-12-22,Pay suppliers on account - Dec 2025,PAYAP-202512,Normal,Operating
JE0460,2025-12-28,Record and pay payroll (with withholdings) - Dec 2025,PAY-202512,Normal,Operating
JE0461,2025-12-30,Remit payroll taxes to government - Dec 2025,PAYTAX-202512,Normal,Operating
JE0462,2025-12-27,Pay operating expenses (rent/utilities/ads/etc.) - Dec 2025,OPX-202512,Normal,Operating
JE0463,2025-12-28,Record depreciation/amortization and lease payment - Dec 2025,ADJ-202512,Adjusting,Operating
JE0464,2025-12-28,Pay monthly interest on bank loan - Dec 2025,INTLOAN-202512,Normal,Financing
JE0465,2025-12-28,Recognize monthly insurance expense - Dec 2025,INSADJ-202512,Adjusting,Operating
JE0466,2025-12-29,Settle VAT payable for quarter - Q4 2025,VAT-2025Q4,Normal,Operating
JE0467,2025-12-30,Pay estimated income taxes - Q4 2025,TAXEST-2025Q4,Normal,Operating
JE0468,2025-12-28,Record supplies used (adjustment) - Q4 2025,SUPADJ-2025Q4,Adjusting,Operating
JE0469,2025-12-31,Adjust allowance for doubtful accounts (2% of ending A/R) - 2025,ADA-2025,Adjusting,Operating
JE0470,2025-12-31,Record warranty provision estimate - 2025,WARR-2025,Adjusting,Operating
JE0471,2025-12-31,Pay warranty claims in cash - 2025,WARRPAY-2025,Normal,Operating
JE0472,2025-12-31,Record annual income tax expense true-up - 2025,TAXACC-2025,Adjusting,Operating
JE0473,2025-12-31,Declare cash dividends - 2025,DIVDECL-2025,Normal,Financing
JE0474,2025-12-31,Pay cash dividends - 2025,DIVPAY-2025,Normal,Financing
JE0475,2025-12-31,Mark short-term investments to fair value (loss) - 2025,MTM-2025,Adjusting,Operating
JE0476,2025-03-01,Issue additional ordinary shares for cash,CAP-2025,Normal,Financing
JE0477,2025-05-15,Sell equipment for cash (recognize gain),SALEPPE-2025,Normal,Investing
JE0478,2025-06-01,Repurchase treasury shares for cash,TS-2025-1,Normal,Financing
JE0479,2025-10-01,Reissue some treasury shares for cash (above cost),TS-2025-2,Normal,Financing
JE0480,2025-12-31,Recognize litigation provision (probable and measurable),LIT-2025,Adjusting,Operating
JE0481,2025-12-31,Revalue building upward (IFRS revaluation model) - OCI,REV-2025,Adjusting,Noncash
